John Doe,Intel,speaker
John Doe,Intel,speaker
John Doe from The Country,Intel,speaker
John Doe from The Country,Intel,speaker
John Doe from The Country,Intel,speaker
John Doe from The Country,Intel,speaker
John Doe from The Country Has a Very Very Long Name,Intel,speaker
John Doe from The Country Has a Very Very Long Name,Intel,speaker
John Doe from The Country Has a Very Very Long Name,Intel,speaker
John Doe from The Country Has a Very Very Long Name,Intel,speaker
John Doe,A long company name,speaker
John Doe,A long company name,speaker
John Doe,A long company name,speaker
John Doe,A long company name,speaker
John Doe,A long company name,speaker
John Doe,Intel,a long role name
John Doe,Intel,a very very very long role name
John Doe,Intel,speaker
John Doe,Intel,speaker
John Doe,Intel,speaker
John Doe,Intel,speaker
John Doe,Intel,speaker
John Doe has no company,,speaker
John Doe has no role,Foobar,
John Doe has nothing
John Doe
